{
  "assetsByChunkName": {
    "vendors~app-account~app-checkout~app-confirmation~app-order": "chunk.a46da00e92dceb5073d7.js",
    "vendors~app-account~app-confirmation~app-order": "chunk.a0561e8ee0b6cdde2c10.js",
    "vendors~app-account~app-checkout": "chunk.2f9fc403a6859534428b.js",
    "admin": [
      "admin.6c8e7d272075948946b2.js",
      "admin.6c8e7d272075948946b2.js.map"
    ],
    "app-account": "chunk.13522a98bb7579765cac.js",
    "app-confirmation": "chunk.bb2e55ad8039d8519ebd.js",
    "app-order": "chunk.30c4dd2bccf83f09ca26.js",
    "checkout": [
      "checkout.bd398c51ae065ffc26fa.js",
      "checkout.bd398c51ae065ffc26fa.js.map"
    ],
    "storefront": [
      "storefront.486b21aecf5ffb778ff1.css",
      "storefront.b52bac32dce2dbccb460.js",
      "storefront.486b21aecf5ffb778ff1.css.map",
      "storefront.b52bac32dce2dbccb460.js.map"
    ],
    "vendors~app-cart": "chunk.bd947f55e014df48e07e.js",
    "vendors~app-checkout": "chunk.d4b190238d8025f019a3.js"
  }
}