{
  "meta_title": "",
  "meta_description": "",
  "sections": [
    {
      "type": "banner-slider",
      "autoplay": 6000,
      "slides": [
        {
          "start": "2021-03-29T19:18:22.099Z",
          "end": "2021-04-30T14:06:50.654Z",
          "img": "/img/uploads/aproveite-nosso-cupom-de-inauguracao-do-site-farmaciapet.png",
          "mobile_img": "/img/uploads/aproveite-nosso-cupom-de-inauguracao-do-site-farmaciapet.png"
        },
        {
          "start": "2021-03-29T18:54:19.586Z",
          "end": "2021-04-30T14:57:18.548Z",
          "img": "/img/uploads/salmao-folhas-blog-banner.png",
          "mobile_img": "/img/uploads/salmao-folhas-blog-banner.png"
        },
        {
          "start": "2021-03-29T21:37:54.038Z",
          "end": "2021-04-30T21:37:54.098Z",
          "img": "/img/uploads/verde-musica-parque-blog-banner.png",
          "mobile_img": "/img/uploads/verde-musica-parque-blog-banner.png"
        },
        {
          "start": "2021-03-31T20:00:46.414Z",
          "end": "2021-03-31T20:00:46.496Z",
          "img": "/img/uploads/adicionar-um-titulo-1-.png",
          "mobile_img": "/img/uploads/adicionar-um-titulo-1-.png"
        }
      ]
    },
    {
      "type": "info-bar",
      "enabled": true
    },
    {
      "type": "collection-shelf",
      "shuffle": true,
      "collection_id": null,
      "limit": 12,
      "page": 1,
      "title": "Em Destaque"
    },
    {
      "type": "page-title",
      "title": "Drogaria Animal",
      "description": "A Farmácia do seu Pet!"
    }
  ]
}